ID;VERSION;CODIGO;CST;DESCRICAO;TIPO_ALIQUOTA;NOMENCLATURA;DESCRICAO_TRATAMENTO_TRIBUTARIO;INCOMPATIVEL_COM_SUSPENSAO;EXIGE_GRUPO_DESONERACAO;POSSUI_PERCENTUAL_REDUCAO;IND_APROP_CREDITO_ADQUIRENTE_CBS;IND_APROP_CREDITO_ADQUIRENTE_IBS;IND_CREDITO_PRESUMIDO_FORNECEDOR;IND_CREDITO_PRESUMIDO_ADQUIRENTE;CREDITO_OPERACAO_ANTECEDENTE;PCT_REDUCAO_CBS;PCT_REDUCAO_IBS_UF;PCT_REDUCAO_IBS_MUN;APLICAVEL_NFE;SIGLAS_DFE;DATA_ATUALIZACAO
17b8812d-0dfb-45ba-92d7-029f2bb5ac12;1;1;0;Situações tributadas integralmente pelo IBS e CBS.;Padrão;NBS ou NCM;Tributação integral;false;false;false;true;true;false;false;Manutenção;0;0;0;true;NFe,NFCe,CTe,CTe OS,BPe,BPe TA,NF3e,NFSe,NFCom,NFAg,NFGas;2025-12-15
ca771512-c784-4f43-be4c-c2258880f27e;1;2;0;Exploração de via;Padrão;NBS;Tributação integral;false;false;false;true;true;false;false;Manutenção;0;0;0;false;NFSe Via,NFGas;2026-04-15
2e648616-3af4-4779-a965-ab7ed1a75f25;1;3;0;Regime automotivo - projetos incentivados (art. 311);Padrão;NCM;Tributação integral;false;false;false;true;true;true;false;Manutenção;0;0;0;true;NFe;2025-12-15
f67937f9-e381-4761-b06c-235ac92501d7;1;4;0;Regime automotivo - projetos incentivados (art. 312);Padrão;NCM;Tributação integral;false;false;false;true;true;true;false;Manutenção;0;0;0;true;NFe;2025-12-15
3894c8e3-42ce-4be4-866f-36d61e12e20e;1;5;0;Operação com EAC destinado à mistura com gasolina A, mas com saída do biocombustível com destinação diversa;Padrão;NCM;Tributação integral;false;false;false;true;true;false;false;Manutenção;0;0;0;true;NFe;2026-04-15
c8e84068-bc6f-4a7c-9318-d6005a1af353;1;10001;10;Operações do FGTS não realizadas pela Caixa Econômica Federal;Uniforme setorial;NBS;Tributação com alíquotas uniformes - operações do FGTS;false;false;false;true;true;false;false;Manutenção;0;0;0;false;NFSe,DERE;2026-01-23
ef468b65-4637-4667-a6da-3e3235ec9f49;1;10002;10;Operações do serviço financeiro;Uniforme setorial;NBS;Tributação com alíquotas uniformes - operações do setor financeiro;false;false;false;true;true;false;false;Manutenção;0;0;0;false;DERE,NFSe;2026-01-23
5886328a-f935-4e1b-a2dc-d229ffab451e;1;11001;11;Planos de assistência funerária.;Uniforme nacional (referência);NBS;Tributação com alíquotas uniformes reduzidas em 60%;false;false;true;true;true;false;false;Manutenção;60;60;60;false;DERE;2025-12-15
8dbdf6a6-20bd-41c2-b6a9-fa0513f177be;1;11002;11;Planos de assistência à saúde;Uniforme nacional (referência);NBS;Tributação com alíquotas uniformes reduzidas em 60%;false;false;true;true;true;false;false;Manutenção;60;60;60;false;DERE;2025-12-15
f57f31e8-669e-433b-825d-0f3b57d93ef0;1;11003;11;Intermediação de planos de assistência à saúde;Uniforme nacional (referência);NBS;Tributação com alíquotas uniformes reduzidas em 60%;false;false;true;true;true;false;false;Manutenção;60;60;60;false;NFSe;2026-04-15
010abe5d-3047-4612-9628-bff545415719;1;11004;11;Concursos e prognósticos;Uniforme nacional (referência);NBS;Tributação com alíquotas uniformes;false;false;true;true;true;false;false;Manutenção;0;0;0;false;DERE;2025-12-15
5e3fa77a-9632-462e-93d8-f0a227e68521;1;11005;11;Planos de assistência à saúde de animais domésticos;Uniforme nacional (referência);NBS;Tributação com alíquotas uniformes reduzidas em 30%;false;false;true;true;true;false;false;Manutenção;30;30;30;false;DERE;2025-12-15
f36e4096-cd9e-4b1c-be0b-908cf1dadd55;1;200001;200;Serviços de transporte de bens até as zonas de processamento de exportação e bens exportados a partir das zonas de processamento de exportação;Padrão;NBS ou NCM;Alíquota zero;false;false;true;false;false;false;false;Manutenção;100;100;100;false;CTe,NFSe,CTe OS;2026-01-23
102d9be1-0cbb-4340-858d-29f6a97f831d;1;200002;200;Fornecimento ou importação para produtor rural não contribuinte ou TAC;Padrão;NCM;Alíquota zero;false;false;true;false;false;false;false;Manutenção;100;100;100;true;NFe,NFCe;2025-12-15
54c53ddd-3ca1-4a5f-8699-f887ed547b40;1;200003;200;Vendas de produtos destinados à alimentação humana (Anexo I);Padrão;NCM;Alíquota zero;false;false;true;false;false;false;false;Manutenção;100;100;100;true;NFe,NFCe;2025-12-15
8a343669-e860-4988-a2ca-aa6777d3f974;1;200004;200;Fornecimento de dispositivos médicos (Anexo XII);Padrão;NCM;Alíquota zero;false;false;true;false;false;false;false;Manutenção;100;100;100;true;NFe,NFCe,NFSe;2026-01-23
7326285d-f65d-4f52-8734-0b55900927cc;1;200005;200;Fornecimento de dispositivos médicos para órgãos da administração pública e entidades de saúde imunes (Anexo IV);Padrão;NCM;Alíquota zero;false;false;true;false;false;false;false;Manutenção;100;100;100;true;NFe,NFSe;2026-01-23
118123f5-005e-4d2f-9ead-b99e8f92ee43;1;200006;200;Situação de emergência de saúde pública reconhecida pelo Poder público;Padrão;NCM;Alíquota zero;false;false;true;false;false;false;false;Manutenção;100;100;100;true;NFe,NFCe,NFSe;2026-04-15
7c68f203-3fa5-4891-a46e-073923becfc4;1;200007;200;Fornecimento dos dispositivos de acessibilidade próprios para pessoas com deficiência (Anexo XIII);Padrão;NCM;Alíquota zero;false;false;true;false;false;false;false;Manutenção;100;100;100;true;NFe,NFCe,NFSe;2025-12-15
00f1658d-44de-4def-87e0-d6cd7a4b64cb;1;200008;200;Fornecimento dos dispositivos de acessibilidade próprios para pessoas com deficiência adquiridos por órgãos da administração pública (Anexo V);Padrão;NCM;Alíquota zero;false;false;true;false;false;false;false;Manutenção;100;100;100;true;NFe,NFSe;2025-12-15
e9ade06f-3ada-4a90-9639-f1593edef656;1;200009;200;Fornecimento dos medicamentos registrados na Anvisa;Padrão;NCM;Alíquota zero;false;false;true;false;false;false;false;Manutenção;100;100;100;true;NFe,NFCe;2026-01-23
f8fa6cde-24e3-4d83-be82-d6ddd85575a3;1;200010;200;Fornecimento dos medicamentos registrados na Anvisa, adquiridos por órgãos da administração pública;Padrão;NCM;Alíquota zero;false;false;true;false;false;false;false;Manutenção;100;100;100;true;NFe,NFCe;2026-01-23
9f0e0507-5e3d-49a4-b4a5-fab9a6bdbd76;1;200011;200;Fornecimento das composições para nutrição enteral e parenteral quando adquiridas por órgãos da administração pública (Anexo VI);Padrão;NCM;Alíquota zero;false;false;true;false;false;false;false;Manutenção;100;100;100;true;NFe;2026-01-23
e560743e-c6ef-4e16-bda3-5ddd971ea769;1;200012;200;Situação de emergência de saúde pública reconhecida pelo Poder público;Padrão;NCM;Alíquota zero;false;false;true;false;false;false;false;Manutenção;100;100;100;true;NFe,NFCe;2026-01-23
dd00e0ca-2536-4ecb-99af-e023094a2b02;1;200013;200;Fornecimento de tampões higiênicos, absorventes higiênicos internos ou externos;Padrão;NCM;Alíquota zero;false;false;true;false;false;false;false;Manutenção;100;100;100;true;NFe,NFCe;2025-12-15
3be1ebdc-7fe7-4f08-b7f4-5c074d08d5d5;1;200014;200;Fornecimento dos produtos hortícolas, frutas e ovos (Anexo XV);Padrão;NCM;Alíquota zero;false;false;true;false;false;false;false;Manutenção;100;100;100;true;NFe,NFCe;2025-12-15
64de6a76-04d6-452d-bf46-6db7564a49f1;1;200015;200;Venda de automóveis de passageiros de fabricação nacional adquiridos por motoristas profissionais ou pessoas com deficiência;Padrão;NCM;Alíquota zero;false;false;true;false;false;false;false;Manutenção;100;100;100;true;NFe,NFCe;2025-12-15
c0dad060-31c9-4e62-9557-207066578ce5;1;200016;200;Prestação de serviços de pesquisa e desenvolvimento por Instituição Científica, Tecnológica e de Inovação (ICT);Padrão;NBS;Alíquota zero;false;false;true;false;false;false;false;Manutenção;100;100;100;false;NFSe;2026-04-15
27c75f38-72a3-4507-bc47-f763a7f93cc7;1;200017;200;Operações relacionadas ao FGTS;Padrão;NBS;Alíquota zero;false;false;true;false;false;false;false;Manutenção;100;100;100;false;NFSe,DERE;2026-01-23
bcddacdf-561b-4dbb-b93d-81b2204f0e7c;1;200018;200;Operações de resseguro e retrocessão;Padrão;NBS;Alíquota zero;false;false;true;false;false;false;false;Manutenção;100;100;100;false;DERE;2025-12-15
479363a0-5002-4fc5-9bf4-2f18ccc009ef;1;200019;200;Importador dos serviços financeiros contribuinte;Padrão;NBS;Alíquota zero;false;false;true;false;false;false;false;Manutenção;100;100;100;false;DERE,NFSe;2026-01-23
7d7786a3-03c3-41df-a197-8585986bf90c;1;200020;200;Operação praticada por sociedades cooperativas optantes por regime específico do IBS e CBS;Padrão;NBS ou NCM;Alíquota zero;false;false;true;false;false;false;false;Manutenção;100;100;100;true;NFe,NFCe,NFSe,NF3e,CTe;2026-04-15
ab66fe84-50bd-4bb2-9613-eb8cb340dcda;1;200021;200;Serviços de transporte público coletivo de passageiros ferroviário e hidroviário;Padrão;NBS;Alíquota zero;false;false;true;false;false;false;false;Manutenção;100;100;100;false;BPe TM,NFSe;2025-12-15
8b168496-8b85-48ef-92ae-c05ab9ba06f9;1;200022;200;Operação originada fora da ZFM que destine bem material industrializado a contribuinte estabelecido na ZFM;Padrão;NCM;Operação originada fora da ZFM - 200022;false;true;true;false;false;false;true;Manutenção;100;100;100;true;NFe;2025-12-15
e2314c74-61f2-4af8-8d40-6b66f13d3551;1;200023;200;Operação realizada por indústria incentivada que destine bem material intermediário para outra indústria incentivada na ZFM;Padrão;NCM;Alíquota zero;false;false;true;false;false;false;false;Manutenção;100;100;100;true;NFe;2025-12-15
1d3a4c74-ec87-4c29-9c37-6d0c64478397;1;200024;200;Operação originada fora das Áreas de Livre Comércio destinadas a contribuinte estabelecido nas Áreas de Livre Comércio;Padrão;NCM;Operação originada fora das Áreas de Livre Comércio - 200024;false;true;true;false;false;false;false;Manutenção;100;100;100;true;NFe;2025-12-15
4da44d83-3bc7-49e5-9bf8-3df12ed23235;1;200025;200;Fornecimento dos serviços de educação relacionados ao Programa Universidade para Todos (Prouni);Padrão;NBS ou NCM;Alíquota zero apenas CBS e reduzida em 60% para IBS;false;false;true;false;true;false;false;Manutenção;100;60;60;false;NFSe;2026-04-15
3319877a-84df-40d3-8e60-21b92d36c098;1;200026;200;Locação de imóveis localizados nas zonas reabilitadas;Padrão;NBS ou NCM;Alíquota Reduzida em 80%;false;false;true;true;true;false;false;Manutenção;80;80;80;false;NFSe;2026-04-15
047e45f1-d3d8-48bd-a38b-eb02e075e9a0;1;200027;200;Operações de locação, cessão onerosa e arrendamento de bens imóveis;Padrão;NBS ou NCM;Alíquota reduzida em 70%;false;false;true;true;true;false;false;Manutenção;70;70;70;false;NFSe;2026-04-15
b8c2035a-85d7-40e0-9da8-f07934dc0308;1;200028;200;Fornecimento dos serviços de educação (Anexo II);Padrão;NBS;Alíquota reduzida em 60%;false;false;true;true;true;false;false;Manutenção;60;60;60;false;NFSe;2026-04-15
e60ca77d-0965-40d5-8b61-cb769f5fe77c;1;200029;200;Fornecimento dos serviços de saúde humana (Anexo III);Padrão;NBS;Alíquota reduzida em 60%;false;false;true;true;true;false;false;Manutenção;60;60;60;false;NFSe;2025-12-15
9d0d2133-b0b6-47dd-90e9-7bdc32bbf288;1;200030;200;Venda dos dispositivos médicos (Anexo IV);Padrão;NCM;Alíquota reduzida em 60%;false;false;true;true;true;false;false;Manutenção;60;60;60;true;NFe,NFCe,NFSe;2025-12-15
1f589631-1eda-4cce-8a97-4f8364e821bc;1;200031;200;Fornecimento dos dispositivos de acessibilidade próprios para pessoas com deficiência (Anexo V);Padrão;NCM;Alíquota reduzida em 60%;false;false;true;true;true;false;false;Manutenção;60;60;60;true;NFe,NFCe,NFSe;2025-12-15
32d66eb9-d11a-4691-9cad-c6c305a08c63;1;200032;200;Fornecimento dos medicamentos registrados na Anvisa ou produzidos por farmácias de manipulação, ressalvados os medicamentos sujeitos à alíquota zero;Padrão;NCM;Alíquota reduzida em 60%;false;false;true;true;true;false;false;Manutenção;60;60;60;true;NFe,NFCe;2026-01-26
7bc145ab-c83e-4319-af2e-2f91355c204d;1;200033;200;Fornecimento das composições para nutrição enteral e parenteral (Anexo VI);Padrão;NCM;Alíquota reduzida em 60%;false;false;true;true;true;false;false;Manutenção;60;60;60;true;NFe,NFCe;2025-12-15
2ed43f6a-545a-467f-ac4d-a95b3d32f8b1;1;200034;200;Fornecimento dos alimentos destinados ao consumo humano (Anexo VII);Padrão;NCM;Alíquota reduzida em 60%;false;false;true;true;true;false;false;Manutenção;60;60;60;true;NFe,NFCe;2025-12-15
a38853d7-ec0d-45ff-a478-85e1aa2f40b2;1;200035;200;Fornecimento dos produtos de higiene pessoal e limpeza (Anexo VIII);Padrão;NCM;Alíquota reduzida em 60%;false;false;true;true;true;false;false;Manutenção;60;60;60;true;NFe,NFCe;2025-12-15
5f8f3c44-39a3-40bb-acdc-40236b04bc7b;1;200036;200;Fornecimento de produtos agropecuários, aquícolas, pesqueiros, florestais e extrativistas vegetais in natura;Padrão;NCM;Alíquota reduzida em 60%;false;false;true;true;true;false;false;Manutenção;60;60;60;true;NFe,NFCe;2025-12-15
3b031429-94f2-4af5-a3cb-b9fb24bb6a5d;1;200037;200;Fornecimento de serviços ambientais de conservação ou recuperação da vegetação nativa;Padrão;NBS ou NCM;Alíquota reduzida em 60%;false;false;true;true;true;false;false;Manutenção;60;60;60;false;NFSe;2025-12-15
3732d9d5-356a-4e9e-9117-3c2460480014;1;200038;200;Fornecimento dos insumos agropecuários e aquícolas (Anexo IX);Padrão;NBS ou NCM;Alíquota reduzida em 60%;false;false;true;true;true;false;false;Manutenção;60;60;60;true;NFe,NFCe,NFSe;2025-12-15
f57c7b63-1312-437a-881c-0e331bb4c955;1;200039;200;Fornecimento dos bens e serviços relacionados com produções nacionais artísticas, culturais, de eventos, jornalísticas e audiovisuais (Anexo X);Padrão;NBS ou NCM;Alíquota reduzida em 60%;false;false;true;true;true;false;false;Manutenção;60;60;60;true;NFe,NFSe;2026-01-23
8ebdf61e-c173-405e-99e5-5b5301f16e74;1;200040;200;Fornecimento de serviços de comunicação institucional à administração pública;Padrão;NBS ou NCM;Alíquota reduzida em 60%;false;false;true;true;true;false;false;Manutenção;60;60;60;false;NFSe;2025-12-15
8bd749dd-16de-4c76-9abe-c9c6b6f01792;1;200041;200;Fornecimento de serviço de educação desportiva (art. 141. I);Padrão;NBS ou NCM;Alíquota reduzida em 60%;false;false;true;true;true;false;false;Manutenção;60;60;60;false;NFSe;2025-12-15
f56a8dca-1d89-40dc-8762-e4d78d86e544;1;200042;200;Fornecimento de serviço de gestão e exploração do desporto (art. 141. II);Padrão;NBS ou NCM;Alíquota reduzida em 60%;false;false;true;true;true;false;false;Manutenção;60;60;60;false;NFSe;2026-01-23
47e669f4-be13-4c16-b8c1-937bfc5eefae;1;200043;200;Fornecimento à administração pública dos serviços e dos bens relativos à soberania (Anexo XI);Padrão;NBS ou NCM;Alíquota reduzida em 60%;false;false;true;true;true;false;false;Manutenção;60;60;60;true;NFe,NFSe,NFCom;2026-01-23
cd0afcde-fef0-4906-997f-0faee04dbda6;1;200044;200;Operações e prestações de serviços de segurança da informação e segurança cibernética desenvolvidos por sociedade que tenha sócio brasileiro (Anexo XI);Padrão;NBS ou NCM;Alíquota reduzida em 60%;false;false;true;true;true;false;false;Manutenção;60;60;60;false;NFSe,NFCom;2026-01-23
2d407c61-da46-4696-8a77-ce3448ae1d4d;1;200045;200;Operações relacionadas a projetos de reabilitação urbana de zonas históricas e de áreas críticas de recuperação e reconversão urbanística;Padrão;NBS ou NCM;Alíquota reduzida em 60%;false;false;true;true;true;false;false;Manutenção;60;60;60;false;NFe ABI,NFSe;2025-12-15
e903d7b9-fda7-49ca-ba93-2b352d6946b8;1;200046;200;Operações com bens imóveis;Padrão;NBS ou NCM;Alíquota reduzida em 50%;false;false;true;true;true;false;false;Manutenção;50;50;50;false;NFe ABI,NFSe;2025-12-15
c9539ce0-3de7-4559-8747-5901f0543f3d;1;200047;200;Bares e Restaurantes;Padrão;NCM;Alíquota reduzida em 40%;false;false;true;true;true;false;false;Manutenção;40;40;40;true;NFe,NFCe;2025-12-15
6ea86bfe-ffcc-46be-9455-76a8af81baae;1;200048;200;Hotelaria, Parques de Diversão e Parques Temáticos;Padrão;NBS ou NCM;Alíquota reduzida em 40%;false;false;true;true;true;false;false;Manutenção;40;40;40;false;NFSe;2025-12-15
196498e4-2518-48af-bbb1-1470408ff1fb;1;200049;200;Transporte coletivo de passageiros rodoviário, ferroviário e hidroviário;Padrão;NBS ou NCM;Alíquota reduzida em 40%;false;false;true;true;true;false;false;Manutenção;40;40;40;false;BPe;2025-12-15
45416a55-cf96-4324-886b-1aa2d9ac8f8c;1;200050;200;Serviços de transporte aéreo regional coletivo de passageiros ou de carga;Padrão;NBS ou NCM;Alíquota reduzida em 40%;false;false;true;true;true;false;false;Manutenção;40;40;40;false;CTe,BPe TA,CTe OS;2025-12-15
6380128c-64cf-4834-a6b3-58e297849608;1;200051;200;Agências de Turismo;Padrão;NBS ou NCM;Alíquota reduzida em 40%;false;false;true;true;true;false;false;Manutenção;40;40;40;false;NFSe;2025-12-15
d43e2fb0-86cf-4972-ad3a-9f6b9469ebda;1;200052;200;Prestação de serviços de profissões intelectuais;Padrão;NBS ou NCM;Alíquota reduzida em 30%;false;false;true;true;true;false;false;Manutenção;30;30;30;false;NFSe;2026-04-15
d945cc25-9fc0-467f-b255-c1261bfb5a19;1;200053;200;Fornecimento de medicamentos registrados na Anvisa, quando  classificados como soros ou vacinas;Padrão;NCM;Alíquota zero;false;false;true;false;false;false;false;Manutenção;100;100;100;true;NFe,NFCe;2026-01-23
8a77de14-5333-4503-8844-0589733958d3;1;200054;200;Fornecimento de bem material pela cooperativa de produção agropecuária a associado não sujeito ao regime regular do IBS e da CBS;Padrão;NCM;Alíquota zero;false;false;true;false;false;false;false;Manutenção;100;100;100;true;NFe,NFCe,NFSe;2026-04-15
f8725e75-941e-4637-bc5a-1a802b942d9e;1;221001;221;Locação, cessão onerosa ou arrendamento de bem imóvel com alíquota sobre a receita bruta;Fixa;NBS ou NCM;Alíquota fixa proporcional;false;false;false;true;true;false;false;Manutenção;0;0;0;false;NFSe;2026-04-15
c9c93108-a896-4db4-b0df-ee2b19c77197;1;221002;221;Incorporação imobiliária submetida ao regime especial de tributação;Fixa;NBS ou NCM;Alíquota fixa;false;false;false;true;true;false;false;Manutenção;0;0;0;false;NFe ABI;2026-06-22
624b2d29-c793-427c-801e-0749f1f8a0f0;1;221003;221;Incorporação imobiliária submetida ao regime especial de tributação;Fixa;NBS ou NCM;Alíquota fixa;false;false;false;true;true;false;false;Manutenção;0;0;0;false;NFe ABI;2026-06-22
519dd0a5-1aff-40e4-b9cf-e19966473bd3;1;221004;221;Alienação de imóvel decorrente de parcelamento do solo;Fixa;NBS ou NCM;Alíquota fixa;false;false;false;true;true;false;false;Manutenção;0;0;0;false;NFe ABI;2026-06-22
8c440506-6abf-4429-891e-5709bcded94a;1;222001;222;Transporte internacional de passageiros, caso os trechos de ida e volta sejam vendidos em conjunto;Padrão;NBS;Redução de base de cálculo;false;false;false;true;true;false;false;Manutenção;0;0;0;false;BPe,BPe TA,CTe OS;2025-12-15
ffb4c530-5f50-4d5f-9363-be6690987a57;1;400001;400;Fornecimento de serviços de transporte público coletivo de passageiros rodoviário e metroviário;Sem alíquota;NBS ou NCM;Isenção;false;false;false;false;false;false;false;Manutenção;0;0;0;false;BPe,BPe TM,NFSe;2025-12-15
81f1daba-4ff2-445f-8170-4609192cd625;1;400002;400;Fornecimento de serviços de transporte público coletivo de passageiros rodoviário e metroviário com medição por quilômetro rodado;Sem alíquota;NBS ou NCM;Isenção;false;false;false;false;false;false;false;Manutenção;0;0;0;false;CTe OS;2026-01-23
e1762b0f-1c6c-4cfb-a952-c8e9e502a67f;1;410001;410;Fornecimento de bonificações quando constem no documento fiscal e que não dependam de evento posterior;Sem alíquota;NBS ou NCM;Imunidade e não incidência;false;false;false;false;false;false;false;Anulação;0;0;0;true;NFe ABI,NFe,NFCe,CTe,CTe OS,BPe,BPe TA,NF3e,NFSe,NFCom,NFAg,NFGas;2025-12-15
93d4c0c6-b0cd-4df0-a311-2c2b63fe467b;1;410002;410;Transferências entre estabelecimentos pertencentes ao mesmo contribuinte;Sem alíquota;NCM;Imunidade e não incidência;false;false;false;false;false;false;false;Manutenção;0;0;0;true;NFe;2025-12-15
cc1c0aa4-79ea-4847-a6fe-5e4a99525d14;1;410003;410;Doações sem contraprestação em benefício do doador;Sem alíquota;NBS ou NCM;Imunidade e não incidência;false;false;false;false;false;false;false;Manutenção;0;0;0;true;NFe ABI,NFe,NFCe,CTe,CTe OS,BPe,BPe TA,NF3e,NFSe,NFCom,DERE,NFAg,NFGas;2025-12-15
4c5982a7-deab-452a-99fc-495c129626ff;1;410004;410;Exportações de bens e serviços;Sem alíquota;NBS ou NCM;Imunidade e não incidência;false;false;false;false;false;false;false;Manutenção;0;0;0;true;NFe,CTe,CTe OS,BPe,BPe TA,NF3e,NFSe,NFCom;2025-12-15
9f371296-7ba3-4d35-a219-96a04d0ab8da;1;410005;410;Fornecimentos realizados pela União, pelos Estados, pelo Distrito Federal e pelos Municípios;Sem alíquota;NBS ou NCM;Imunidade e não incidência;false;false;false;false;false;false;false;Manutenção;0;0;0;true;NFe,NFCe,NFSe;2025-12-15
6fc3bfd9-1fb9-4170-a4c0-8c4e067d2f27;1;410006;410;Fornecimentos realizados por entidades religiosas e templos de qualquer culto;Sem alíquota;NBS ou NCM;Imunidade e não incidência;false;false;false;false;false;false;false;Anulação;0;0;0;true;NFe,NFCe,NFSe;2025-12-15
dbec218b-7bf4-40d4-a656-7ba658118c62;1;410007;410;Fornecimentos realizados por partidos políticos, entidades sindicais e instituições de educação e de assistência social;Sem alíquota;NBS ou NCM;Imunidade e não incidência;false;false;false;false;false;false;false;Anulação;0;0;0;true;NFe,NFCe,NFSe;2026-01-23
d9511d46-d2c6-4122-967a-3a0d736c75f1;1;410008;410;Fornecimentos de livros, jornais, periódicos e do papel destinado a sua impressão;Sem alíquota;NBS ou NCM;Imunidade e não incidência;false;false;false;false;false;false;false;Anulação;0;0;0;true;NFe,NFCe,NFSe,NFCom;2025-12-15
a8d84797-cc46-498b-86b6-1a4faa0ef720;1;410009;410;Fornecimentos de fonogramas e videofonogramas musicais produzidos no Brasil;Sem alíquota;NBS ou NCM;Imunidade e não incidência;false;false;false;false;false;false;false;Manutenção;0;0;0;true;NFe,NFCe,NFSe,NFCom;2025-12-15
4d8bb842-5485-41d1-b110-e5ec104d916b;1;410010;410;Fornecimentos de serviço de comunicação nas modalidades de radiodifusão sonora e de sons e imagens de recepção livre e gratuita;Sem alíquota;NBS ou NCM;Imunidade e não incidência;false;false;false;false;false;false;false;Manutenção;0;0;0;false;NFSe,NFCom,DERE;2025-12-15
1a25330f-9495-41fc-a8d0-577d611b410b;1;410011;410;Fornecimentos de ouro, quando definido em lei como ativo financeiro ou instrumento cambial;Sem alíquota;NCM;Imunidade e não incidência;false;false;false;false;false;false;false;Manutenção;0;0;0;false;;2025-12-15
b8f3f888-400c-4e52-9df4-538c26cab22a;1;410012;410;Fornecimento de condomínio edilício não optante pelo regime regular;Sem alíquota;NBS ou NCM;Imunidade e não incidência;false;false;false;false;false;false;false;Anulação;0;0;0;true;NFe,NFCe,NFSe;2025-12-15
76b530e4-be37-4d1f-9188-e2e7a577cb6e;1;410013;410;Exportações de combustíveis;Sem alíquota;NCM;Imunidade e não incidência;false;false;false;false;false;false;false;Manutenção;0;0;0;true;NFe;2025-12-15
a3fd0665-c7ca-4d04-95f4-21bac8f1acba;1;410014;410;Fornecimento de produtor rural não contribuinte;Sem alíquota;NBS ou NCM;Imunidade e não incidência;false;false;false;false;false;false;false;Manutenção;0;0;0;true;NFe,NFCe,NFSe;2025-12-15
376779fd-93ff-4d8f-b230-21a654d1e2ae;1;410015;410;Fornecimento por transportador autônomo não contribuinte;Sem alíquota;NBS ou NCM;Imunidade e não incidência;false;false;false;false;false;true;true;Manutenção;0;0;0;false;CTe,NFSe;2025-12-15
5cc7e178-1fd4-4e2c-a104-e2307b7132ed;1;410016;410;Fornecimento ou aquisição de resíduos sólidos;Sem alíquota;NCM;Imunidade e não incidência;false;false;false;false;false;true;true;Manutenção;0;0;0;true;NFe;2025-12-15
d58e1fb2-2b3f-4b7d-aa97-dc6f516fb56f;1;410017;410;Aquisição de bem móvel com crédito presumido sob condição de revenda realizada;Sem alíquota;NCM;Imunidade e não incidência;false;false;false;false;false;false;false;Manutenção;0;0;0;true;NFe;2025-12-15
08ee55c0-1189-4e6a-bb06-65f554879aeb;1;410018;410;Operações relacionadas aos fundos garantidores e executores de políticas públicas;Sem alíquota;NBS ou NCM;Imunidade e não incidência;false;false;false;false;false;true;true;Manutenção;0;0;0;false;NFe ABI,DERE;2025-12-15
3cb15273-4b52-4f6c-982e-c04e31aa4bac;1;410019;410;Exclusão da gorjeta na base de cálculo no fornecimento de alimentação;Sem alíquota;NCM;Tributação com exclusão de base de cálculo em caso de não incidência;false;false;false;false;false;false;false;Manutenção;0;0;0;true;NFe,NFCe;2025-12-15
608c81e2-e888-4e73-9b23-13266d1469c3;1;410020;410;Exclusão do valor de intermediação na base de cálculo no fornecimento de alimentação;Sem alíquota;NCM;Tributação com exclusão de base de cálculo em caso de não incidência;false;false;false;false;false;false;false;Manutenção;0;0;0;true;NFe,NFCe;2025-12-15
5e668763-9100-46f7-8e9c-1e2b45c19d2a;1;410021;410;Contribuição de que trata o art. 149-A da Constituição Federal;Sem alíquota;NCM;Tributação com exclusão de base de cálculo em caso de não incidência;false;false;false;false;false;false;false;Manutenção;0;0;0;false;NF3e;2025-12-15
719d0b91-4796-4805-9095-4e8fc554d27e;1;410022;410;Consolidação da propriedade do bem pelo credor;Sem alíquota;NCM;Imunidade e não incidência;false;false;false;false;false;false;false;Manutenção;0;0;0;false;NFe ABI;2025-12-15
39e55f29-dfa6-4245-bf7d-a8ac16d2f68e;1;410023;410;Alienação de bens móveis ou imóveis que tenham sido objeto de garantia em que o prestador da garantia não seja contribuinte;Sem alíquota;NCM;Imunidade e não incidência;false;false;false;false;false;false;false;Manutenção;0;0;0;false;NFe ABI;2025-12-15
999879c1-b8eb-4645-910f-b3f6f08c021f;1;410024;410;Consolidação da propriedade do bem pelo grupo de consórcio;Sem alíquota;NCM;Imunidade e não incidência;false;false;false;false;false;false;false;Manutenção;0;0;0;false;NFe ABI;2025-12-15
6d34c49c-a054-4cb6-a8c9-20ed2d8476a9;1;410025;410;Alienação de bem que tenha sido objeto de garantia em que o prestador da garantia não seja contribuinte;Sem alíquota;NCM;Imunidade e não incidência;false;false;false;false;false;false;false;Manutenção;0;0;0;false;NFe ABI;2025-12-15
a7654753-10ea-4688-9be2-1f545fc4ddb7;1;410026;410;Doação com anulação de crédito;Sem alíquota;NBS ou NCM;Imunidade e não incidência;false;false;false;false;false;false;false;Manutenção;0;0;0;true;NFe ABI,NFe,NFCe,CTe,CTe OS,BPe,BPe TA,NF3e,NFSe,NFCom,DERE,NFAg,NFGas;2025-12-15
910543dd-8d4c-4f08-bc94-47caa22f5647;1;410027;410;Exportação de serviço ou de bem imaterial;Sem alíquota;NBS;Imunidade e não incidência;false;false;false;false;false;false;false;Manutenção;100;100;100;true;CTe,CTe OS,NFSe,NFe;2026-01-23
7c2d67df-1905-4320-9e4f-b0775b59f410;1;410028;410;Operações com bens imóveis realizadas por pessoas físicas não consideradas contribuintes;Sem alíquota;NBS;Imunidade e não incidência;false;false;false;false;false;false;false;Manutenção;100;100;100;false;NFe ABI,NFSe;2025-12-15
0d0444a3-454b-4b9c-9245-79afad19ecc4;1;410029;410;Operações acobertadas somente pelo ICMS;Sem alíquota;NCM;Imunidade e não incidência;false;false;false;false;false;false;false;Manutenção;100;100;100;true;NFe,NFCe;2025-12-15
545ec45b-04d6-4378-b0ce-6211e0a5ed67;1;410030;410;Estorno de crédito por perecimento, deteriorização, roubo, furto ou extravio.;Sem alíquota;NCM;Imunidade e não incidência;false;false;false;false;false;false;false;Manutenção;100;100;100;true;NFe;2025-12-15
a53a4bce-1af2-41f9-a948-0668a5a72584;1;410031;410;Fornecimento em período anterior ao início de vigência de incidências de CBS e IBS;Sem alíquota;NCM;Imunidade e não incidência;false;false;false;false;false;false;false;Manutenção;100;100;100;true;NF3e,NFCom,NFAg,NFGas,NFe;2025-12-15
68be33a1-d432-46b4-b76e-afc977e60d04;1;410032;410;Tributos incidentes na operação que não integram a base de cálculo do IBS e da CBS;Sem alíquota;NBS ou NCM;Imunidade e não incidência;false;false;false;false;false;false;false;Manutenção;0;0;0;false;NF3e,NFCom,NFAg,NFGas;2026-01-23
6443ba6a-58c1-46a9-ae5e-cd103f63e5b8;1;410033;410;Operações de Fundos de Investimento Imobiliário (FII) e Fundos de Investimento nas Cadeias Produtivas do Agronegócio (Fiagro);Sem alíquota;NBS ou NCM;Imunidade e não incidência;false;false;false;false;false;false;false;Manutenção;0;0;0;false;NFe ABI,NFSe;2026-01-23
cad7d9a9-adf4-4632-aef5-cba72db49d1e;1;410034;410;Operações de fundos de investimento;Sem alíquota;NBS ou NCM;Imunidade e não incidência;false;false;false;false;false;false;false;Manutenção;0;0;0;false;DERE;2026-01-23
7e5e9569-f46d-4c18-8920-0bb6b5591b42;1;410035;410;Fornecimento realizado por nanoempreendedor;Sem alíquota;NBS ou NCM;Imunidade e não incidência;false;false;false;false;false;false;false;Manutenção;0;0;0;true;NFe,NFCe,CTe,CTe OS,NFSe;2026-01-23
6d4a3a8d-11fe-462b-a5c8-23ce5c80f56f;1;410036;410;Descontos incondicionais;Sem alíquota;NBS ou NCM;Imunidade e não incidência;false;false;false;false;false;false;false;Anulação;0;0;0;false;NF3e,NFCom,NFAg,NFGas;2026-06-22
56debe69-60fb-40a6-8f9b-51b4b7fc32a2;1;410037;410;Importação os bens materiais sem incidência de IBS e CBS;Sem alíquota;NBS ou NCM;Imunidade e não incidência;false;false;false;false;false;false;false;Anulação;0;0;0;false;;2026-06-22
5257d216-2f18-4ab6-806b-c41082820d31;1;410999;410;Operações não onerosas sem previsão de tributação, não especificadas anteriormente;Sem alíquota;NBS ou NCM;Imunidade e não incidência;false;false;false;false;false;false;false;Manutenção;0;0;0;true;NFe ABI,NFe,NFCe,CTe,CTe OS,BPe,BPe TA,BPe TM,NF3e,NFSe,NFCom,NFAg,NFGas;2025-12-15
83ca173b-9b80-4f23-a603-9b43930abab3;1;510001;510;Operações, sujeitas a diferimento, com energia elétrica, relativas à importação, geração, comercialização, distribuição e transmissão;Sem alíquota;NCM;Diferimento;false;false;false;false;false;false;false;Manutenção;0;0;0;true;NFe,NF3e;2026-01-23
707ad1fe-7349-4c1f-b95b-9a07c10b2572;1;515001;515;Operações, sujeitas a diferimento, com insumos agropecuários e aquícolas (Anexo IX);Padrão;NBS ou NCM;Diferimento com redução de alíquota;false;false;true;false;false;true;true;Manutenção;60;60;60;true;NFe,NFSe;2025-12-15
c46aa2f5-4073-4d56-94a3-a6fc8e83cfe2;1;550001;550;Exportações de bens materiais;Sem alíquota;NCM;Suspensão;true;true;false;false;false;true;true;Manutenção;0;0;0;true;NFe;2025-12-15
4bdbb798-66d5-49ee-825b-c3da63edadb2;1;550002;550;Regime de Trânsito;Sem alíquota;NCM;Suspensão;true;true;false;false;false;false;false;Manutenção;0;0;0;false;;2025-12-15
5490bf6b-cf3c-4214-a161-f9d033967fcc;1;550003;550;Regimes de Depósito (art. 85);Sem alíquota;NCM;Suspensão;true;true;false;false;false;false;false;Manutenção;0;0;0;true;NFe;2025-12-15
85f367b5-8002-44f3-adfb-a3aa1a49a906;1;550004;550;Regimes de Depósito (art. 87);Sem alíquota;NCM;Suspensão;true;true;false;false;false;false;false;Manutenção;0;0;0;true;NFe;2025-12-15
63277d0c-a4a6-4915-91f7-f9dcace63f0b;1;550005;550;Regimes de Depósito (art. 87, Parágrafo único);Sem alíquota;NCM;Suspensão;true;true;false;false;false;false;false;Manutenção;0;0;0;true;NFe;2025-12-15
0f412dbf-7d4b-4502-8d00-38afc82c121c;1;550006;550;Regimes de Permanência Temporária;Sem alíquota;NCM;Suspensão;true;true;false;false;false;false;false;Manutenção;0;0;0;true;NFe;2025-12-15
3595b48f-4329-4ff0-968a-7061bd21db7e;1;550007;550;Regimes de Aperfeiçoamento;Sem alíquota;NCM;Suspensão;true;true;false;false;false;false;false;Manutenção;0;0;0;true;NFe;2025-12-15
1c24f8b2-fa1b-472b-94f1-923f436a43f1;1;550008;550;Importação de bens para o Regime de Repetro-Temporário;Sem alíquota;NCM;Suspensão;true;true;false;false;false;false;false;Manutenção;0;0;0;true;NFe;2025-12-15
87ca3580-1443-4721-9fe1-0c3cc5be54a9;1;550009;550;GNL-Temporário;Sem alíquota;NCM;Suspensão;true;true;false;false;false;false;false;Manutenção;0;0;0;true;NFe;2025-12-15
2056b033-16a2-4954-a3fb-6210f6fe6012;1;550010;550;Repetro-Permanente;Sem alíquota;NCM;Suspensão;true;true;false;false;false;false;false;Manutenção;0;0;0;true;NFe;2025-12-15
17514299-6833-4beb-9b06-8df5c5c50068;1;550011;550;Repetro-Industrialização;Sem alíquota;NCM;Suspensão;true;true;false;false;false;false;false;Manutenção;0;0;0;true;NFe;2025-12-15
58ea9907-435d-43d7-9757-29ee62a71850;1;550012;550;Repetro-Nacional;Sem alíquota;NCM;Suspensão;true;true;false;false;false;false;false;Manutenção;0;0;0;true;NFe;2025-12-15
78a0e016-f940-4629-a067-33c60cfb7e97;1;550013;550;Repetro-Entreposto;Sem alíquota;NCM;Suspensão;true;true;false;false;false;false;false;Manutenção;0;0;0;true;NFe;2025-12-15
68a7b930-bb6c-4c7b-868e-f46e824e55fe;1;550014;550;Zona de Processamento de Exportação;Sem alíquota;NCM;Suspensão;true;true;false;false;false;false;false;Manutenção;0;0;0;true;NFe;2025-12-15
720be372-eff6-4415-ac75-8f45e356f0a0;1;550015;550;Regime Tributário para Incentivo à Modernização e à Ampliação da Estrutura Portuária;Sem alíquota;NCM;Suspensão;true;true;false;false;false;false;false;Manutenção;0;0;0;true;NFe;2025-12-15
2cafbb66-613b-4b0a-8323-eba46680610a;1;550016;550;Regime Especial de Incentivos para o Desenvolvimento da Infraestrutura;Sem alíquota;NBS ou NCM;Suspensão;true;true;false;false;false;false;false;Manutenção;0;0;0;true;NFe,NFSe;2025-12-15
38857570-437e-417c-81bc-ea2e0c0fec3b;1;550017;550;Regime Tributário para Incentivo à Atividade Naval - Renaval (Art. 107, I);Sem alíquota;NCM;Suspensão;true;true;false;false;false;false;false;Manutenção;0;0;0;true;NFe;2025-12-15
082d6da0-dc5e-4ea7-82f7-08dda11b3428;1;550018;550;Desoneração da aquisição de bens de capital;Sem alíquota;NCM;Suspensão;true;true;false;false;false;false;false;Manutenção;0;0;0;true;NFe;2025-12-15
e12a7dc0-f3ad-4ed1-bb75-b27abc4e0f7a;1;550019;550;Importação de bem material por indústria incentivada para utilização na ZFM;Sem alíquota;NCM;Suspensão;true;true;false;false;false;false;false;Manutenção;0;0;0;true;NFe;2025-12-15
c3fe01d8-10ad-4c45-92d2-fce797389035;1;550020;550;Áreas de livre comércio;Sem alíquota;NCM;Suspensão;true;true;false;false;false;false;false;Manutenção;0;0;0;true;NFe;2025-12-15
34fb2d79-ada5-4815-8d28-57c7b5b710fd;1;550021;550;Industrialização destinada a exportações;Sem alíquota;NCM;Suspensão;true;true;false;false;false;false;false;Manutenção;0;0;0;true;NFe;2025-12-15
9b74a9e4-7a45-4f35-b004-37aabace6405;1;550022;550;Regime Especial de Incentivos para a Produção de Hidrogênio de Baixa Emissão de Carbono (Rehidro);Sem alíquota;NBS ou NCM;Suspensão;true;true;false;false;false;false;false;Manutenção;0;0;0;true;NFe,NFSe;2026-01-23
796bb296-c258-4d08-aa90-8136df6923da;1;550023;550;Operações com hidrocarbonetos líquidos derivados de petróleo não combustíveis ou de gás natural, inclusive nafta;Sem alíquota;NBS ou NCM;Suspensão em operações com hidrocarbonetos líquidos;false;true;false;false;false;false;false;Manutenção;0;0;0;true;NFe;2026-04-15
b166654c-8a3e-499e-a1a9-d000e6fc96eb;1;550024;550;Regime Tributário para Incentivo à Atividade Naval - Renaval (Art. 107, II);Sem alíquota;NBS ou NCM;Suspensão;true;true;false;false;false;false;false;Manutenção;0;0;0;false;;2026-06-22
fbcb88c7-fb80-4b9c-b4f0-16c9b444cee8;1;550025;550;Regime Tributário para Incentivo à Atividade Naval - Renaval (Art. 107, III);Sem alíquota;NBS ou NCM;Suspensão;true;true;false;false;false;false;false;Manutenção;0;0;0;false;;2026-06-22
81f0a7fd-770a-4295-9346-09df8966899f;1;620001;620;Tributação monofásica sobre combustíveis;Uniforme setorial;NCM;Tributação monofásica sobre combustíveis;false;false;false;true;true;false;false;Manutenção;0;0;0;true;NFe;2026-04-15
5d36603c-8b9b-4955-a747-d12eaf463769;1;620002;620;Tributação monofásica com responsabilidade pela retenção sobre combustíveis;Uniforme setorial;NCM;Tributação monofásica com responsabilidade pela retenção sobre combustíveis;false;false;false;true;true;false;false;Manutenção;0;0;0;true;NFe;2026-04-15
20f95cbb-353d-4f82-afab-6a59bf8d8903;1;620003;620;Tributação monofásica com responsabilidade de retenção de tributos por terceiros;Uniforme setorial;NCM;Tributação monofásica com tributos retidos por responsabilidade sobre combustíveis;false;false;false;true;true;false;false;Manutenção;0;0;0;true;NFe;2026-04-15
3d921460-eab2-4a7f-a85c-5994ace51cd5;1;620004;620;Tributação monofásica sobre mistura de EAC com gasolina A em percentual superior ao obrigatório;Uniforme setorial;NCM;Tributação monofásica sobre mistura de EAC com gasolina A em percentual superior ao obrigatório;false;false;false;true;true;false;false;Manutenção;0;0;0;true;NFe;2026-04-15
006e33a8-bc33-43d8-b366-64037c6f8ae3;1;620005;620;Tributação monofásica sobre mistura de EAC com gasolina A em percentual inferior ao obrigatório;Uniforme setorial;NCM;Tributação monofásica sobre mistura de EAC com gasolina A em percentual inferior ao obrigatório;false;false;false;true;true;false;false;Manutenção;0;0;0;true;NFe;2026-04-15
f43966f0-0a35-486e-9b7d-91195ba2ed6f;1;620006;620;Tributação monofásica sobre combustíveis cobrada anteriormente;Uniforme setorial;NCM;Tributação monofásica sobre combustíveis cobrada anteriormente;false;false;false;true;true;false;false;Manutenção;0;0;0;true;NFe,NFCe;2026-04-15
b5b314a5-3ab0-4453-aa03-d7b91bc49996;1;620007;620;Perecimento, deteriorização, roubo, furto ou extravio no regime monofásico;Sem alíquota;NCM;Tributação monofásica sem alíquota;false;false;false;true;true;false;false;Anulação;0;0;0;true;NFe;2026-06-22
5f39d576-a66d-4761-9488-597c94f08ece;1;800001;800;Fusão, cisão ou incorporação;Sem alíquota;NBS ou NCM;Transferência de crédito;false;false;false;true;true;false;false;Manutenção;0;0;0;true;NFe,NFSe;2025-12-15
1de7e79f-8d8b-49ea-9c08-6301b17d7ae7;1;800002;800;Transferência de crédito do associado, inclusive as cooperativas singulares;Sem alíquota;NBS ou NCM;Transferência de crédito;false;false;false;true;true;false;false;Manutenção;0;0;0;true;NFe,NFSe;2025-12-15
713d4e5b-7e4d-4ba6-b157-a58971b9721f;1;810001;810;Crédito presumido de IBS sobre o valor apurado nos fornecimentos a partir da ZFM;Sem alíquota;Não possui;Ajuste de IBS na ZFM;false;false;false;true;true;true;true;Manutenção;0;0;0;true;NFe;2025-12-15
addd71f8-26f1-4708-92e6-32fc1da95b9b;1;811001;811;Anulação de Crédito por Saídas Imunes/Isentas;Sem alíquota;NBS ou NCM;Ajustes;false;false;false;false;false;false;false;Anulação;0;0;0;true;NFe,NFSe;2025-12-15
c4237612-f77c-4d23-9201-eccdaec7908f;1;811002;811;Débitos de notas fiscais não processadas na apuração;Sem alíquota;NBS ou NCM;Ajustes;false;false;false;false;false;false;false;;0;0;0;true;NFe,NFSe;2025-12-15
442700e6-825b-4ced-9b27-8011cf855770;1;811003;811;Desenquadramento do Simples Nacional;Sem alíquota;NBS ou NCM;Ajustes;false;false;false;false;false;false;false;;0;0;0;true;NFe,NFSe;2025-12-15
24585813-3a46-4dd7-a4dc-017c64a8e0b5;1;820001;820;Documento com informações de fornecimento de serviços de planos de assistência à saúde elencados no art. 234 da Lei Complementar nº214, de 2025;Sem alíquota;NBS;Tributação em documento específico;false;false;false;true;true;false;false;Manutenção;0;0;0;false;NFSe;2026-04-15
9a663ef6-0b6c-44e0-9ced-8cb19f130673;1;820002;820;Documento com informações de fornecimento de serviços de planos de assistência funerária;Sem alíquota;NBS;Tributação em documento específico;false;false;false;true;true;false;false;Manutenção;0;0;0;false;NFSe;2026-04-15
d5eb7c31-dda3-4afd-aaab-90ccad37e2b4;1;820003;820;Documento com informações de fornecimento de serviços de planos de assistência à saúde de animais domésticos;Sem alíquota;NBS;Tributação em documento específico;false;false;false;true;true;false;false;Manutenção;0;0;0;false;NFSe;2026-04-15
c4f2faf5-7680-42c6-91e0-3ea2c811be3a;1;820004;820;Documento com informações de prestação de serviços de consursos de prognósticos;Sem alíquota;NBS;Tributação em documento específico;false;false;false;true;true;false;false;Manutenção;0;0;0;false;NFSe;2026-01-23
3db77a4f-441d-401b-bd0b-494c28e69df4;1;820005;820;Documento com informações de alienação de bens imóveis;Sem alíquota;Não possui;Tributação em documento específico;false;false;false;true;true;false;false;Manutenção;0;0;0;false;NFe ABI;2026-04-15
afc6f6b9-7841-4000-af0b-478f1815f2f8;1;820006;820;Documento com informações de fornecimento de serviços de exploração de via;Sem alíquota;NBS;Tributação em documento específico;false;false;false;true;true;false;false;Manutenção;0;0;0;false;NFSe;2026-04-15
31b120b2-7133-43c3-ae84-a9d8fe5c1228;1;820007;820;Documento com informações de fornecimento de serviços financeiros;Sem alíquota;NBS;Tributação em documento específico;false;false;false;false;false;false;false;Manutenção;0;0;0;false;NFSe;2026-04-15
50a31ce4-493b-4dc4-914e-b8b575fb9b1f;1;820008;820;Documento com informações de fornecimento de serviço continuado, mas com tributação realizada em fatura anterior;Sem alíquota;NBS ou NCM;Tributação em documento específico;false;false;false;false;false;false;false;Manutenção;0;0;0;false;NF3e,NFCom,NFAg,NFGas;2026-01-23
e6eba62c-9897-4586-bd98-0e92556571d7;1;820009;820;Cobrança relativa a fornecimentos declarados em outro documento;Sem alíquota;NBS ou NCM;Tributação em documento específico;false;false;false;false;false;false;false;Manutenção;0;0;0;false;NF3e,NFSe,NFCom,NFAg,NFGas,CTe OS;2026-04-15
92a11e7f-988b-43bb-8bf1-0e37726b2d47;1;830001;830;Documento com exclusão da BC da CBS e do IBS de energia elétrica fornecida pela distribuidora à UC;Sem alíquota;NCM;Exclusão de base de cálculo;false;false;false;true;true;false;false;Manutenção;0;0;0;true;NFe,NF3e;2025-12-15
